{"accuracy": [0.5810086131095886, 0.8554235696792603, 0.9152002334594727, 0.9390994906425476, 0.957223117351532, 0.9662991762161255, 0.9710078835487366, 0.9761291742324829, 0.9797567129135132, 0.9821324348449707], "loss": [1.4213571548461914, 0.45258527994155884, 0.2626127302646637, 0.18799056112766266, 0.12930695712566376, 0.10350774228572845, 0.0868104100227356, 0.07193902134895325, 0.06210661679506302, 0.0565679706633091], "val_accuracy": [0.8319485783576965, 0.9088322520256042, 0.9245390295982361, 0.926815390586853, 0.9553835391998291, 0.9528796076774597, 0.9624402523040771, 0.9549282789230347, 0.9629524350166321, 0.9639768004417419], "val_loss": [0.535252034664154, 0.28690555691719055, 0.23179888725280762, 0.23251837491989136, 0.13039842247962952, 0.1427813321352005, 0.12074089050292969, 0.15176096558570862, 0.1223297193646431, 0.12556101381778717]}